source_file,run_id,timestamp,method,config_key,dift_t,up_ft_index,img_size,max_points,ensemble_size,roma_setting,scene,exp_type,solver,is_primary_solver,summary_mAA10,summary_rot_err,summary_trans_err,summary_inlier_pct,solver_mAA10,solver_inliers_pct,solver_eR_median,solver_eT_median,solver_runtime_ms,solver_n_pairs
experiments/phase1_dift_temporal_t0_up2_s768.json,dift_geo_t0_up2_s768,2026-03-12T21:38:12,dift,dift_t0_up2_ens8_sp_mnn_mp2000,0,2,768,2000,8,precise,reichstag,calibrated,3p_ours_shift_scale+12,true,43.47,2.06,5.46,35.57,52.4,27.54,1.39,3.83,6.91,2577
experiments/phase1_dift_temporal_t0_up2_s768.json,dift_geo_t0_up2_s768,2026-03-12T21:38:12,dift,dift_t0_up2_ens8_sp_mnn_mp2000,0,2,768,2000,8,precise,reichstag,calibrated,3p_ours_shift_scale_hybrid_reproj+12,false,43.47,2.06,5.46,35.57,39.0,39.58,2.36,6.19,4.39,2577
experiments/phase1_dift_temporal_t0_up2_s768.json,dift_geo_t0_up2_s768,2026-03-12T21:38:12,dift,dift_t0_up2_ens8_sp_mnn_mp2000,0,2,768,2000,8,precise,reichstag,calibrated,3p_ours_shift_scale_reproj+12,false,43.47,2.06,5.46,35.57,39.0,39.58,2.36,6.19,4.41,2577
experiments/phase1_dift_temporal_t0_up2_s768.json,dift_geo_t0_up2_s768,2026-03-12T21:38:12,dift,dift_t0_up2_ens8_sp_mnn_mp2000,0,2,768,2000,8,precise,reichstag,shared_focal,4p_ours_scale_shift+12,true,34.87,2.93,6.9,34.74,30.81,25.61,3.92,8.53,23.57,2577
experiments/phase1_dift_temporal_t0_up2_s768.json,dift_geo_t0_up2_s768,2026-03-12T21:38:12,dift,dift_t0_up2_ens8_sp_mnn_mp2000,0,2,768,2000,8,precise,reichstag,shared_focal,4p_ours_scale_shift_reproj+12,false,34.87,2.93,6.9,34.74,32.1,37.71,3.11,7.51,22.08,2577
experiments/phase1_dift_temporal_t0_up2_s768.json,dift_geo_t0_up2_s768,2026-03-12T21:38:12,dift,dift_t0_up2_ens8_sp_mnn_mp2000,0,2,768,2000,8,precise,reichstag,shared_focal,4p_ours_scale_shift_reproj-s+12,false,34.87,2.93,6.9,34.74,41.7,40.89,2.16,5.43,23.24,2577
experiments/phase1_dift_temporal_t0_up2_s768.json,dift_geo_t0_up2_s768,2026-03-12T21:38:12,dift,dift_t0_up2_ens8_sp_mnn_mp2000,0,2,768,2000,8,precise,reichstag,varying_focal,4p_ours_scale_shift+12,true,19.04,3.7,16.38,33.29,13.36,22.54,6.04,21.74,12.59,2577
experiments/phase1_dift_temporal_t0_up2_s768.json,dift_geo_t0_up2_s768,2026-03-12T21:38:12,dift,dift_t0_up2_ens8_sp_mnn_mp2000,0,2,768,2000,8,precise,reichstag,varying_focal,4p_ours_scale_shift_reproj+12,false,19.04,3.7,16.38,33.29,21.14,37.18,2.84,16.58,10.49,2577
experiments/phase1_dift_temporal_t0_up2_s768.json,dift_geo_t0_up2_s768,2026-03-12T21:38:12,dift,dift_t0_up2_ens8_sp_mnn_mp2000,0,2,768,2000,8,precise,reichstag,varying_focal,4p_ours_scale_shift_reproj-s+12,false,19.04,3.7,16.38,33.29,22.63,40.16,2.78,12.8,11.98,2577
experiments/phase1_dift_temporal_t0_up2_s768.json,dift_geo_t0_up2_s768,2026-03-12T21:38:12,dift,dift_t0_up2_ens8_sp_mnn_mp2000,0,2,768,2000,8,precise,sacre_coeur,calibrated,3p_ours_shift_scale+12,true,63.13,0.6,3.15,55.51,76.07,44.5,0.33,1.34,17.3,14896
experiments/phase1_dift_temporal_t0_up2_s768.json,dift_geo_t0_up2_s768,2026-03-12T21:38:12,dift,dift_t0_up2_ens8_sp_mnn_mp2000,0,2,768,2000,8,precise,sacre_coeur,calibrated,3p_ours_shift_scale_hybrid_reproj+12,false,63.13,0.6,3.15,55.51,56.66,61.02,0.8,4.0,10.74,14896
experiments/phase1_dift_temporal_t0_up2_s768.json,dift_geo_t0_up2_s768,2026-03-12T21:38:12,dift,dift_t0_up2_ens8_sp_mnn_mp2000,0,2,768,2000,8,precise,sacre_coeur,calibrated,3p_ours_shift_scale_reproj+12,false,63.13,0.6,3.15,55.51,56.66,61.02,0.8,4.0,10.96,14896
experiments/phase1_dift_temporal_t0_up2_s768.json,dift_geo_t0_up2_s768,2026-03-12T21:38:12,dift,dift_t0_up2_ens8_sp_mnn_mp2000,0,2,768,2000,8,precise,sacre_coeur,shared_focal,4p_ours_scale_shift+12,true,49.67,1.11,4.61,54.84,54.25,41.94,0.9,3.69,26.94,14896
experiments/phase1_dift_temporal_t0_up2_s768.json,dift_geo_t0_up2_s768,2026-03-12T21:38:12,dift,dift_t0_up2_ens8_sp_mnn_mp2000,0,2,768,2000,8,precise,sacre_coeur,shared_focal,4p_ours_scale_shift_reproj+12,false,49.67,1.11,4.61,54.84,49.75,60.41,1.11,4.69,25.23,14896
experiments/phase1_dift_temporal_t0_up2_s768.json,dift_geo_t0_up2_s768,2026-03-12T21:38:12,dift,dift_t0_up2_ens8_sp_mnn_mp2000,0,2,768,2000,8,precise,sacre_coeur,shared_focal,4p_ours_scale_shift_reproj-s+12,false,49.67,1.11,4.61,54.84,45.0,62.16,1.29,5.29,26.84,14896
experiments/phase1_dift_temporal_t0_up2_s768.json,dift_geo_t0_up2_s768,2026-03-12T21:38:12,dift,dift_t0_up2_ens8_sp_mnn_mp2000,0,2,768,2000,8,precise,sacre_coeur,varying_focal,4p_ours_scale_shift+12,true,32.02,1.58,8.67,53.61,24.45,37.12,2.63,13.49,15.72,14896
experiments/phase1_dift_temporal_t0_up2_s768.json,dift_geo_t0_up2_s768,2026-03-12T21:38:12,dift,dift_t0_up2_ens8_sp_mnn_mp2000,0,2,768,2000,8,precise,sacre_coeur,varying_focal,4p_ours_scale_shift_reproj+12,false,32.02,1.58,8.67,53.61,33.75,60.89,1.08,8.16,13.02,14896
experiments/phase1_dift_temporal_t0_up2_s768.json,dift_geo_t0_up2_s768,2026-03-12T21:38:12,dift,dift_t0_up2_ens8_sp_mnn_mp2000,0,2,768,2000,8,precise,sacre_coeur,varying_focal,4p_ours_scale_shift_reproj-s+12,false,32.02,1.58,8.67,53.61,37.88,62.82,1.58,6.6,15.06,14896
experiments/phase1_dift_temporal_t0_up2_s768.json,dift_geo_t0_up2_s768,2026-03-12T21:38:12,dift,dift_t0_up2_ens8_sp_mnn_mp2000,0,2,768,2000,8,precise,st_peters_square,calibrated,3p_ours_shift_scale+12,true,42.25,1.57,6.54,64.8,70.93,53.88,0.63,2.16,20.27,14868
experiments/phase1_dift_temporal_t0_up2_s768.json,dift_geo_t0_up2_s768,2026-03-12T21:38:12,dift,dift_t0_up2_ens8_sp_mnn_mp2000,0,2,768,2000,8,precise,st_peters_square,calibrated,3p_ours_shift_scale_hybrid_reproj+12,false,42.25,1.57,6.54,64.8,27.91,70.27,2.36,8.19,11.41,14868
experiments/phase1_dift_temporal_t0_up2_s768.json,dift_geo_t0_up2_s768,2026-03-12T21:38:12,dift,dift_t0_up2_ens8_sp_mnn_mp2000,0,2,768,2000,8,precise,st_peters_square,calibrated,3p_ours_shift_scale_reproj+12,false,42.25,1.57,6.54,64.8,27.91,70.27,2.36,8.19,11.62,14868
experiments/phase1_dift_temporal_t0_up2_s768.json,dift_geo_t0_up2_s768,2026-03-12T21:38:12,dift,dift_t0_up2_ens8_sp_mnn_mp2000,0,2,768,2000,8,precise,st_peters_square,shared_focal,4p_ours_scale_shift+12,true,38.23,1.91,6.8,64.89,54.02,53.2,1.22,3.93,29.89,14868
experiments/phase1_dift_temporal_t0_up2_s768.json,dift_geo_t0_up2_s768,2026-03-12T21:38:12,dift,dift_t0_up2_ens8_sp_mnn_mp2000,0,2,768,2000,8,precise,st_peters_square,shared_focal,4p_ours_scale_shift_reproj+12,false,38.23,1.91,6.8,64.89,26.47,70.06,2.73,8.38,26.53,14868
experiments/phase1_dift_temporal_t0_up2_s768.json,dift_geo_t0_up2_s768,2026-03-12T21:38:12,dift,dift_t0_up2_ens8_sp_mnn_mp2000,0,2,768,2000,8,precise,st_peters_square,shared_focal,4p_ours_scale_shift_reproj-s+12,false,38.23,1.91,6.8,64.89,34.2,71.41,2.12,7.65,30.28,14868
experiments/phase1_dift_temporal_t0_up2_s768.json,dift_geo_t0_up2_s768,2026-03-12T21:38:12,dift,dift_t0_up2_ens8_sp_mnn_mp2000,0,2,768,2000,8,precise,st_peters_square,varying_focal,4p_ours_scale_shift+12,true,17.95,2.49,16.37,64.83,24.23,51.36,2.35,11.23,19.28,14868
experiments/phase1_dift_temporal_t0_up2_s768.json,dift_geo_t0_up2_s768,2026-03-12T21:38:12,dift,dift_t0_up2_ens8_sp_mnn_mp2000,0,2,768,2000,8,precise,st_peters_square,varying_focal,4p_ours_scale_shift_reproj+12,false,17.95,2.49,16.37,64.83,16.97,71.27,2.39,16.29,14.63,14868
experiments/phase1_dift_temporal_t0_up2_s768.json,dift_geo_t0_up2_s768,2026-03-12T21:38:12,dift,dift_t0_up2_ens8_sp_mnn_mp2000,0,2,768,2000,8,precise,st_peters_square,varying_focal,4p_ours_scale_shift_reproj-s+12,false,17.95,2.49,16.37,64.83,12.65,71.88,2.8,25.65,18.54,14868
experiments/phase1_dift_temporal_t4_up2_s768.json,phase1_dift_temporal_t4_up2_s768,2026-03-12T22:33:31,dift,dift_t4_up2_ens8_sp_mnn_mp2000,4,2,768,2000,8,precise,reichstag,calibrated,3p_ours_shift_scale+12,true,43.19,2.12,5.47,35.26,51.87,27.38,1.36,3.77,6.7,2577
experiments/phase1_dift_temporal_t4_up2_s768.json,phase1_dift_temporal_t4_up2_s768,2026-03-12T22:33:31,dift,dift_t4_up2_ens8_sp_mnn_mp2000,4,2,768,2000,8,precise,reichstag,calibrated,3p_ours_shift_scale_hybrid_reproj+12,false,43.19,2.12,5.47,35.26,38.85,39.2,2.39,6.23,4.21,2577
experiments/phase1_dift_temporal_t4_up2_s768.json,phase1_dift_temporal_t4_up2_s768,2026-03-12T22:33:31,dift,dift_t4_up2_ens8_sp_mnn_mp2000,4,2,768,2000,8,precise,reichstag,calibrated,3p_ours_shift_scale_reproj+12,false,43.19,2.12,5.47,35.26,38.85,39.2,2.39,6.23,4.21,2577
experiments/phase1_dift_temporal_t4_up2_s768.json,phase1_dift_temporal_t4_up2_s768,2026-03-12T22:33:31,dift,dift_t4_up2_ens8_sp_mnn_mp2000,4,2,768,2000,8,precise,reichstag,shared_focal,4p_ours_scale_shift+12,true,34.52,3.0,6.92,34.51,29.83,25.56,4.3,8.64,23.58,2577
experiments/phase1_dift_temporal_t4_up2_s768.json,phase1_dift_temporal_t4_up2_s768,2026-03-12T22:33:31,dift,dift_t4_up2_ens8_sp_mnn_mp2000,4,2,768,2000,8,precise,reichstag,shared_focal,4p_ours_scale_shift_reproj+12,false,34.52,3.0,6.92,34.51,31.87,37.3,3.14,7.48,22.16,2577
experiments/phase1_dift_temporal_t4_up2_s768.json,phase1_dift_temporal_t4_up2_s768,2026-03-12T22:33:31,dift,dift_t4_up2_ens8_sp_mnn_mp2000,4,2,768,2000,8,precise,reichstag,shared_focal,4p_ours_scale_shift_reproj-s+12,false,34.52,3.0,6.92,34.51,41.85,40.67,2.15,5.38,23.31,2577
experiments/phase1_dift_temporal_t4_up2_s768.json,phase1_dift_temporal_t4_up2_s768,2026-03-12T22:33:31,dift,dift_t4_up2_ens8_sp_mnn_mp2000,4,2,768,2000,8,precise,reichstag,varying_focal,4p_ours_scale_shift+12,true,18.63,3.95,16.6,33.11,13.29,22.46,6.41,21.4,12.64,2577
experiments/phase1_dift_temporal_t4_up2_s768.json,phase1_dift_temporal_t4_up2_s768,2026-03-12T22:33:31,dift,dift_t4_up2_ens8_sp_mnn_mp2000,4,2,768,2000,8,precise,reichstag,varying_focal,4p_ours_scale_shift_reproj+12,false,18.63,3.95,16.6,33.11,20.3,36.93,3.06,16.37,10.5,2577
experiments/phase1_dift_temporal_t4_up2_s768.json,phase1_dift_temporal_t4_up2_s768,2026-03-12T22:33:31,dift,dift_t4_up2_ens8_sp_mnn_mp2000,4,2,768,2000,8,precise,reichstag,varying_focal,4p_ours_scale_shift_reproj-s+12,false,18.63,3.95,16.6,33.11,22.29,39.92,2.87,13.51,11.99,2577
experiments/phase1_dift_temporal_t4_up2_s768.json,phase1_dift_temporal_t4_up2_s768,2026-03-12T22:33:31,dift,dift_t4_up2_ens8_sp_mnn_mp2000,4,2,768,2000,8,precise,sacre_coeur,calibrated,3p_ours_shift_scale+12,true,62.97,0.61,3.18,55.21,75.66,44.19,0.34,1.38,15.32,14896
experiments/phase1_dift_temporal_t4_up2_s768.json,phase1_dift_temporal_t4_up2_s768,2026-03-12T22:33:31,dift,dift_t4_up2_ens8_sp_mnn_mp2000,4,2,768,2000,8,precise,sacre_coeur,calibrated,3p_ours_shift_scale_hybrid_reproj+12,false,62.97,0.61,3.18,55.21,56.63,60.72,0.8,4.01,9.41,14896
experiments/phase1_dift_temporal_t4_up2_s768.json,phase1_dift_temporal_t4_up2_s768,2026-03-12T22:33:31,dift,dift_t4_up2_ens8_sp_mnn_mp2000,4,2,768,2000,8,precise,sacre_coeur,calibrated,3p_ours_shift_scale_reproj+12,false,62.97,0.61,3.18,55.21,56.63,60.72,0.8,4.01,9.72,14896
experiments/phase1_dift_temporal_t4_up2_s768.json,phase1_dift_temporal_t4_up2_s768,2026-03-12T22:33:31,dift,dift_t4_up2_ens8_sp_mnn_mp2000,4,2,768,2000,8,precise,sacre_coeur,shared_focal,4p_ours_scale_shift+12,true,49.66,1.11,4.61,54.55,54.45,41.64,0.89,3.72,27.0,14896
experiments/phase1_dift_temporal_t4_up2_s768.json,phase1_dift_temporal_t4_up2_s768,2026-03-12T22:33:31,dift,dift_t4_up2_ens8_sp_mnn_mp2000,4,2,768,2000,8,precise,sacre_coeur,shared_focal,4p_ours_scale_shift_reproj+12,false,49.66,1.11,4.61,54.55,49.56,60.14,1.11,4.72,25.27,14896
experiments/phase1_dift_temporal_t4_up2_s768.json,phase1_dift_temporal_t4_up2_s768,2026-03-12T22:33:31,dift,dift_t4_up2_ens8_sp_mnn_mp2000,4,2,768,2000,8,precise,sacre_coeur,shared_focal,4p_ours_scale_shift_reproj-s+12,false,49.66,1.11,4.61,54.55,44.96,61.88,1.29,5.29,26.94,14896
experiments/phase1_dift_temporal_t4_up2_s768.json,phase1_dift_temporal_t4_up2_s768,2026-03-12T22:33:31,dift,dift_t4_up2_ens8_sp_mnn_mp2000,4,2,768,2000,8,precise,sacre_coeur,varying_focal,4p_ours_scale_shift+12,true,31.85,1.57,8.65,53.32,24.26,36.85,2.67,13.56,15.65,14896
experiments/phase1_dift_temporal_t4_up2_s768.json,phase1_dift_temporal_t4_up2_s768,2026-03-12T22:33:31,dift,dift_t4_up2_ens8_sp_mnn_mp2000,4,2,768,2000,8,precise,sacre_coeur,varying_focal,4p_ours_scale_shift_reproj+12,false,31.85,1.57,8.65,53.32,33.63,60.62,1.08,8.17,12.89,14896
experiments/phase1_dift_temporal_t4_up2_s768.json,phase1_dift_temporal_t4_up2_s768,2026-03-12T22:33:31,dift,dift_t4_up2_ens8_sp_mnn_mp2000,4,2,768,2000,8,precise,sacre_coeur,varying_focal,4p_ours_scale_shift_reproj-s+12,false,31.85,1.57,8.65,53.32,37.65,62.49,1.58,6.62,14.92,14896
experiments/phase1_dift_temporal_t4_up2_s768.json,phase1_dift_temporal_t4_up2_s768,2026-03-12T22:33:31,dift,dift_t4_up2_ens8_sp_mnn_mp2000,4,2,768,2000,8,precise,st_peters_square,calibrated,3p_ours_shift_scale+12,true,42.22,1.57,6.55,64.15,71.09,53.36,0.62,2.16,18.8,14868
experiments/phase1_dift_temporal_t4_up2_s768.json,phase1_dift_temporal_t4_up2_s768,2026-03-12T22:33:31,dift,dift_t4_up2_ens8_sp_mnn_mp2000,4,2,768,2000,8,precise,st_peters_square,calibrated,3p_ours_shift_scale_hybrid_reproj+12,false,42.22,1.57,6.55,64.15,27.79,69.54,2.37,8.21,10.57,14868
experiments/phase1_dift_temporal_t4_up2_s768.json,phase1_dift_temporal_t4_up2_s768,2026-03-12T22:33:31,dift,dift_t4_up2_ens8_sp_mnn_mp2000,4,2,768,2000,8,precise,st_peters_square,calibrated,3p_ours_shift_scale_reproj+12,false,42.22,1.57,6.55,64.15,27.79,69.54,2.37,8.21,10.74,14868
experiments/phase1_dift_temporal_t4_up2_s768.json,phase1_dift_temporal_t4_up2_s768,2026-03-12T22:33:31,dift,dift_t4_up2_ens8_sp_mnn_mp2000,4,2,768,2000,8,precise,st_peters_square,shared_focal,4p_ours_scale_shift+12,true,37.97,1.92,6.85,64.23,53.88,52.64,1.23,3.96,29.69,14868
experiments/phase1_dift_temporal_t4_up2_s768.json,phase1_dift_temporal_t4_up2_s768,2026-03-12T22:33:31,dift,dift_t4_up2_ens8_sp_mnn_mp2000,4,2,768,2000,8,precise,st_peters_square,shared_focal,4p_ours_scale_shift_reproj+12,false,37.97,1.92,6.85,64.23,26.27,69.34,2.73,8.4,26.42,14868
experiments/phase1_dift_temporal_t4_up2_s768.json,phase1_dift_temporal_t4_up2_s768,2026-03-12T22:33:31,dift,dift_t4_up2_ens8_sp_mnn_mp2000,4,2,768,2000,8,precise,st_peters_square,shared_focal,4p_ours_scale_shift_reproj-s+12,false,37.97,1.92,6.85,64.23,33.75,70.72,2.14,7.78,30.16,14868
experiments/phase1_dift_temporal_t4_up2_s768.json,phase1_dift_temporal_t4_up2_s768,2026-03-12T22:33:31,dift,dift_t4_up2_ens8_sp_mnn_mp2000,4,2,768,2000,8,precise,st_peters_square,varying_focal,4p_ours_scale_shift+12,true,17.69,2.49,16.56,64.19,23.87,50.83,2.37,11.44,19.06,14868
experiments/phase1_dift_temporal_t4_up2_s768.json,phase1_dift_temporal_t4_up2_s768,2026-03-12T22:33:31,dift,dift_t4_up2_ens8_sp_mnn_mp2000,4,2,768,2000,8,precise,st_peters_square,varying_focal,4p_ours_scale_shift_reproj+12,false,17.69,2.49,16.56,64.19,16.74,70.55,2.4,16.51,14.41,14868
experiments/phase1_dift_temporal_t4_up2_s768.json,phase1_dift_temporal_t4_up2_s768,2026-03-12T22:33:31,dift,dift_t4_up2_ens8_sp_mnn_mp2000,4,2,768,2000,8,precise,st_peters_square,varying_focal,4p_ours_scale_shift_reproj-s+12,false,17.69,2.49,16.56,64.19,12.47,71.18,2.8,25.87,18.29,14868
experiments/phase1_dift_temporal_t8_up2_s768.json,phase1_dift_temporal_t8_up2_s768,2026-03-12T23:28:36,dift,dift_t8_up2_ens8_sp_mnn_mp2000,8,2,768,2000,8,precise,reichstag,calibrated,3p_ours_shift_scale+12,true,42.56,2.17,5.66,35.09,50.9,27.26,1.44,3.92,6.66,2577
experiments/phase1_dift_temporal_t8_up2_s768.json,phase1_dift_temporal_t8_up2_s768,2026-03-12T23:28:36,dift,dift_t8_up2_ens8_sp_mnn_mp2000,8,2,768,2000,8,precise,reichstag,calibrated,3p_ours_shift_scale_hybrid_reproj+12,false,42.56,2.17,5.66,35.09,38.39,39.01,2.46,6.28,4.22,2577
experiments/phase1_dift_temporal_t8_up2_s768.json,phase1_dift_temporal_t8_up2_s768,2026-03-12T23:28:36,dift,dift_t8_up2_ens8_sp_mnn_mp2000,8,2,768,2000,8,precise,reichstag,calibrated,3p_ours_shift_scale_reproj+12,false,42.56,2.17,5.66,35.09,38.39,39.01,2.46,6.28,4.23,2577
experiments/phase1_dift_temporal_t8_up2_s768.json,phase1_dift_temporal_t8_up2_s768,2026-03-12T23:28:36,dift,dift_t8_up2_ens8_sp_mnn_mp2000,8,2,768,2000,8,precise,reichstag,shared_focal,4p_ours_scale_shift+12,true,34.09,3.02,7.07,34.43,29.37,25.45,4.22,8.81,23.8,2577
experiments/phase1_dift_temporal_t8_up2_s768.json,phase1_dift_temporal_t8_up2_s768,2026-03-12T23:28:36,dift,dift_t8_up2_ens8_sp_mnn_mp2000,8,2,768,2000,8,precise,reichstag,shared_focal,4p_ours_scale_shift_reproj+12,false,34.09,3.02,7.07,34.43,31.38,37.3,3.21,7.75,22.39,2577
experiments/phase1_dift_temporal_t8_up2_s768.json,phase1_dift_temporal_t8_up2_s768,2026-03-12T23:28:36,dift,dift_t8_up2_ens8_sp_mnn_mp2000,8,2,768,2000,8,precise,reichstag,shared_focal,4p_ours_scale_shift_reproj-s+12,false,34.09,3.02,7.07,34.43,41.53,40.54,2.21,5.47,23.33,2577
experiments/phase1_dift_temporal_t8_up2_s768.json,phase1_dift_temporal_t8_up2_s768,2026-03-12T23:28:36,dift,dift_t8_up2_ens8_sp_mnn_mp2000,8,2,768,2000,8,precise,reichstag,varying_focal,4p_ours_scale_shift+12,true,18.65,3.86,16.75,32.94,13.0,22.36,6.3,20.13,12.65,2577
experiments/phase1_dift_temporal_t8_up2_s768.json,phase1_dift_temporal_t8_up2_s768,2026-03-12T23:28:36,dift,dift_t8_up2_ens8_sp_mnn_mp2000,8,2,768,2000,8,precise,reichstag,varying_focal,4p_ours_scale_shift_reproj+12,false,18.65,3.86,16.75,32.94,20.48,36.62,3.01,17.31,10.66,2577
experiments/phase1_dift_temporal_t8_up2_s768.json,phase1_dift_temporal_t8_up2_s768,2026-03-12T23:28:36,dift,dift_t8_up2_ens8_sp_mnn_mp2000,8,2,768,2000,8,precise,reichstag,varying_focal,4p_ours_scale_shift_reproj-s+12,false,18.65,3.86,16.75,32.94,22.48,39.83,2.82,13.29,12.14,2577
experiments/phase1_dift_temporal_t8_up2_s768.json,phase1_dift_temporal_t8_up2_s768,2026-03-12T23:28:36,dift,dift_t8_up2_ens8_sp_mnn_mp2000,8,2,768,2000,8,precise,sacre_coeur,calibrated,3p_ours_shift_scale+12,true,62.88,0.61,3.19,55.01,75.34,43.96,0.34,1.41,14.02,14896
experiments/phase1_dift_temporal_t8_up2_s768.json,phase1_dift_temporal_t8_up2_s768,2026-03-12T23:28:36,dift,dift_t8_up2_ens8_sp_mnn_mp2000,8,2,768,2000,8,precise,sacre_coeur,calibrated,3p_ours_shift_scale_hybrid_reproj+12,false,62.88,0.61,3.19,55.01,56.65,60.54,0.79,3.99,8.48,14896
experiments/phase1_dift_temporal_t8_up2_s768.json,phase1_dift_temporal_t8_up2_s768,2026-03-12T23:28:36,dift,dift_t8_up2_ens8_sp_mnn_mp2000,8,2,768,2000,8,precise,sacre_coeur,calibrated,3p_ours_shift_scale_reproj+12,false,62.88,0.61,3.19,55.01,56.65,60.54,0.79,3.99,8.66,14896
experiments/phase1_dift_temporal_t8_up2_s768.json,phase1_dift_temporal_t8_up2_s768,2026-03-12T23:28:36,dift,dift_t8_up2_ens8_sp_mnn_mp2000,8,2,768,2000,8,precise,sacre_coeur,shared_focal,4p_ours_scale_shift+12,true,49.38,1.12,4.67,54.32,53.74,41.39,0.9,3.85,26.88,14896
experiments/phase1_dift_temporal_t8_up2_s768.json,phase1_dift_temporal_t8_up2_s768,2026-03-12T23:28:36,dift,dift_t8_up2_ens8_sp_mnn_mp2000,8,2,768,2000,8,precise,sacre_coeur,shared_focal,4p_ours_scale_shift_reproj+12,false,49.38,1.12,4.67,54.32,49.59,59.94,1.12,4.71,25.1,14896
experiments/phase1_dift_temporal_t8_up2_s768.json,phase1_dift_temporal_t8_up2_s768,2026-03-12T23:28:36,dift,dift_t8_up2_ens8_sp_mnn_mp2000,8,2,768,2000,8,precise,sacre_coeur,shared_focal,4p_ours_scale_shift_reproj-s+12,false,49.38,1.12,4.67,54.32,44.81,61.64,1.29,5.39,26.79,14896
experiments/phase1_dift_temporal_t8_up2_s768.json,phase1_dift_temporal_t8_up2_s768,2026-03-12T23:28:36,dift,dift_t8_up2_ens8_sp_mnn_mp2000,8,2,768,2000,8,precise,sacre_coeur,varying_focal,4p_ours_scale_shift+12,true,31.59,1.59,8.8,53.1,23.71,36.64,2.69,13.99,15.54,14896
experiments/phase1_dift_temporal_t8_up2_s768.json,phase1_dift_temporal_t8_up2_s768,2026-03-12T23:28:36,dift,dift_t8_up2_ens8_sp_mnn_mp2000,8,2,768,2000,8,precise,sacre_coeur,varying_focal,4p_ours_scale_shift_reproj+12,false,31.59,1.59,8.8,53.1,33.6,60.4,1.08,8.17,12.94,14896
experiments/phase1_dift_temporal_t8_up2_s768.json,phase1_dift_temporal_t8_up2_s768,2026-03-12T23:28:36,dift,dift_t8_up2_ens8_sp_mnn_mp2000,8,2,768,2000,8,precise,sacre_coeur,varying_focal,4p_ours_scale_shift_reproj-s+12,false,31.59,1.59,8.8,53.1,37.47,62.26,1.59,6.73,15.09,14896
experiments/phase1_dift_temporal_t8_up2_s768.json,phase1_dift_temporal_t8_up2_s768,2026-03-12T23:28:36,dift,dift_t8_up2_ens8_sp_mnn_mp2000,8,2,768,2000,8,precise,st_peters_square,calibrated,3p_ours_shift_scale+12,true,42.06,1.58,6.56,63.73,70.84,53.03,0.64,2.17,17.55,14868
experiments/phase1_dift_temporal_t8_up2_s768.json,phase1_dift_temporal_t8_up2_s768,2026-03-12T23:28:36,dift,dift_t8_up2_ens8_sp_mnn_mp2000,8,2,768,2000,8,precise,st_peters_square,calibrated,3p_ours_shift_scale_hybrid_reproj+12,false,42.06,1.58,6.56,63.73,27.67,69.08,2.38,8.23,9.81,14868
experiments/phase1_dift_temporal_t8_up2_s768.json,phase1_dift_temporal_t8_up2_s768,2026-03-12T23:28:36,dift,dift_t8_up2_ens8_sp_mnn_mp2000,8,2,768,2000,8,precise,st_peters_square,calibrated,3p_ours_shift_scale_reproj+12,false,42.06,1.58,6.56,63.73,27.67,69.08,2.38,8.23,10.07,14868
experiments/phase1_dift_temporal_t8_up2_s768.json,phase1_dift_temporal_t8_up2_s768,2026-03-12T23:28:36,dift,dift_t8_up2_ens8_sp_mnn_mp2000,8,2,768,2000,8,precise,st_peters_square,shared_focal,4p_ours_scale_shift+12,true,37.95,1.92,6.85,63.84,53.87,52.36,1.23,3.96,29.64,14868
experiments/phase1_dift_temporal_t8_up2_s768.json,phase1_dift_temporal_t8_up2_s768,2026-03-12T23:28:36,dift,dift_t8_up2_ens8_sp_mnn_mp2000,8,2,768,2000,8,precise,st_peters_square,shared_focal,4p_ours_scale_shift_reproj+12,false,37.95,1.92,6.85,63.84,26.15,68.9,2.73,8.42,26.41,14868
experiments/phase1_dift_temporal_t8_up2_s768.json,phase1_dift_temporal_t8_up2_s768,2026-03-12T23:28:36,dift,dift_t8_up2_ens8_sp_mnn_mp2000,8,2,768,2000,8,precise,st_peters_square,shared_focal,4p_ours_scale_shift_reproj-s+12,false,37.95,1.92,6.85,63.84,33.82,70.27,2.12,7.69,30.05,14868
experiments/phase1_dift_temporal_t8_up2_s768.json,phase1_dift_temporal_t8_up2_s768,2026-03-12T23:28:36,dift,dift_t8_up2_ens8_sp_mnn_mp2000,8,2,768,2000,8,precise,st_peters_square,varying_focal,4p_ours_scale_shift+12,true,17.69,2.5,16.58,63.79,24.04,50.52,2.36,11.34,19.17,14868
experiments/phase1_dift_temporal_t8_up2_s768.json,phase1_dift_temporal_t8_up2_s768,2026-03-12T23:28:36,dift,dift_t8_up2_ens8_sp_mnn_mp2000,8,2,768,2000,8,precise,st_peters_square,varying_focal,4p_ours_scale_shift_reproj+12,false,17.69,2.5,16.58,63.79,16.64,70.12,2.41,16.6,14.28,14868
experiments/phase1_dift_temporal_t8_up2_s768.json,phase1_dift_temporal_t8_up2_s768,2026-03-12T23:28:36,dift,dift_t8_up2_ens8_sp_mnn_mp2000,8,2,768,2000,8,precise,st_peters_square,varying_focal,4p_ours_scale_shift_reproj-s+12,false,17.69,2.5,16.58,63.79,12.38,70.75,2.83,25.93,18.14,14868
experiments/phase1_dift_temporal_t12_up2_s768.json,phase1_dift_temporal_t12_up2_s768,2026-03-13T00:24:02,dift,dift_t12_up2_ens8_sp_mnn_mp2000,12,2,768,2000,8,precise,reichstag,calibrated,3p_ours_shift_scale+12,true,43.2,2.12,5.44,35.03,51.9,27.2,1.39,3.8,6.65,2577
experiments/phase1_dift_temporal_t12_up2_s768.json,phase1_dift_temporal_t12_up2_s768,2026-03-13T00:24:02,dift,dift_t12_up2_ens8_sp_mnn_mp2000,12,2,768,2000,8,precise,reichstag,calibrated,3p_ours_shift_scale_hybrid_reproj+12,false,43.2,2.12,5.44,35.03,38.86,38.94,2.41,6.11,4.22,2577
experiments/phase1_dift_temporal_t12_up2_s768.json,phase1_dift_temporal_t12_up2_s768,2026-03-13T00:24:02,dift,dift_t12_up2_ens8_sp_mnn_mp2000,12,2,768,2000,8,precise,reichstag,calibrated,3p_ours_shift_scale_reproj+12,false,43.2,2.12,5.44,35.03,38.86,38.94,2.41,6.11,4.23,2577
experiments/phase1_dift_temporal_t12_up2_s768.json,phase1_dift_temporal_t12_up2_s768,2026-03-13T00:24:02,dift,dift_t12_up2_ens8_sp_mnn_mp2000,12,2,768,2000,8,precise,reichstag,shared_focal,4p_ours_scale_shift+12,true,34.26,3.06,7.09,34.31,29.59,25.26,4.29,9.02,23.6,2577
experiments/phase1_dift_temporal_t12_up2_s768.json,phase1_dift_temporal_t12_up2_s768,2026-03-13T00:24:02,dift,dift_t12_up2_ens8_sp_mnn_mp2000,12,2,768,2000,8,precise,reichstag,shared_focal,4p_ours_scale_shift_reproj+12,false,34.26,3.06,7.09,34.31,31.65,37.23,3.16,7.59,22.1,2577
experiments/phase1_dift_temporal_t12_up2_s768.json,phase1_dift_temporal_t12_up2_s768,2026-03-13T00:24:02,dift,dift_t12_up2_ens8_sp_mnn_mp2000,12,2,768,2000,8,precise,reichstag,shared_focal,4p_ours_scale_shift_reproj-s+12,false,34.26,3.06,7.09,34.31,41.55,40.43,2.23,5.45,23.08,2577
experiments/phase1_dift_temporal_t12_up2_s768.json,phase1_dift_temporal_t12_up2_s768,2026-03-13T00:24:02,dift,dift_t12_up2_ens8_sp_mnn_mp2000,12,2,768,2000,8,precise,reichstag,varying_focal,4p_ours_scale_shift+12,true,19.17,3.89,16.46,32.87,13.88,22.23,6.51,20.39,12.64,2577
experiments/phase1_dift_temporal_t12_up2_s768.json,phase1_dift_temporal_t12_up2_s768,2026-03-13T00:24:02,dift,dift_t12_up2_ens8_sp_mnn_mp2000,12,2,768,2000,8,precise,reichstag,varying_focal,4p_ours_scale_shift_reproj+12,false,19.17,3.89,16.46,32.87,21.03,36.73,2.99,17.22,10.42,2577
experiments/phase1_dift_temporal_t12_up2_s768.json,phase1_dift_temporal_t12_up2_s768,2026-03-13T00:24:02,dift,dift_t12_up2_ens8_sp_mnn_mp2000,12,2,768,2000,8,precise,reichstag,varying_focal,4p_ours_scale_shift_reproj-s+12,false,19.17,3.89,16.46,32.87,22.61,39.64,2.8,13.14,11.95,2577
experiments/phase1_dift_temporal_t12_up2_s768.json,phase1_dift_temporal_t12_up2_s768,2026-03-13T00:24:02,dift,dift_t12_up2_ens8_sp_mnn_mp2000,12,2,768,2000,8,precise,sacre_coeur,calibrated,3p_ours_shift_scale+12,true,62.95,0.61,3.19,54.83,75.27,43.82,0.34,1.4,11.28,14896
experiments/phase1_dift_temporal_t12_up2_s768.json,phase1_dift_temporal_t12_up2_s768,2026-03-13T00:24:02,dift,dift_t12_up2_ens8_sp_mnn_mp2000,12,2,768,2000,8,precise,sacre_coeur,calibrated,3p_ours_shift_scale_hybrid_reproj+12,false,62.95,0.61,3.19,54.83,56.79,60.33,0.79,3.99,6.75,14896
experiments/phase1_dift_temporal_t12_up2_s768.json,phase1_dift_temporal_t12_up2_s768,2026-03-13T00:24:02,dift,dift_t12_up2_ens8_sp_mnn_mp2000,12,2,768,2000,8,precise,sacre_coeur,calibrated,3p_ours_shift_scale_reproj+12,false,62.95,0.61,3.19,54.83,56.79,60.33,0.79,3.99,6.86,14896
experiments/phase1_dift_temporal_t12_up2_s768.json,phase1_dift_temporal_t12_up2_s768,2026-03-13T00:24:02,dift,dift_t12_up2_ens8_sp_mnn_mp2000,12,2,768,2000,8,precise,sacre_coeur,shared_focal,4p_ours_scale_shift+12,true,49.3,1.12,4.68,54.12,53.73,41.18,0.92,3.84,26.89,14896
experiments/phase1_dift_temporal_t12_up2_s768.json,phase1_dift_temporal_t12_up2_s768,2026-03-13T00:24:02,dift,dift_t12_up2_ens8_sp_mnn_mp2000,12,2,768,2000,8,precise,sacre_coeur,shared_focal,4p_ours_scale_shift_reproj+12,false,49.3,1.12,4.68,54.12,49.53,59.74,1.11,4.72,25.11,14896
experiments/phase1_dift_temporal_t12_up2_s768.json,phase1_dift_temporal_t12_up2_s768,2026-03-13T00:24:02,dift,dift_t12_up2_ens8_sp_mnn_mp2000,12,2,768,2000,8,precise,sacre_coeur,shared_focal,4p_ours_scale_shift_reproj-s+12,false,49.3,1.12,4.68,54.12,44.65,61.45,1.29,5.41,26.82,14896
experiments/phase1_dift_temporal_t12_up2_s768.json,phase1_dift_temporal_t12_up2_s768,2026-03-13T00:24:02,dift,dift_t12_up2_ens8_sp_mnn_mp2000,12,2,768,2000,8,precise,sacre_coeur,varying_focal,4p_ours_scale_shift+12,true,31.3,1.59,8.89,52.88,23.16,36.32,2.73,14.4,15.44,14896
experiments/phase1_dift_temporal_t12_up2_s768.json,phase1_dift_temporal_t12_up2_s768,2026-03-13T00:24:02,dift,dift_t12_up2_ens8_sp_mnn_mp2000,12,2,768,2000,8,precise,sacre_coeur,varying_focal,4p_ours_scale_shift_reproj+12,false,31.3,1.59,8.89,52.88,33.51,60.25,1.08,8.17,13.24,14896
experiments/phase1_dift_temporal_t12_up2_s768.json,phase1_dift_temporal_t12_up2_s768,2026-03-13T00:24:02,dift,dift_t12_up2_ens8_sp_mnn_mp2000,12,2,768,2000,8,precise,sacre_coeur,varying_focal,4p_ours_scale_shift_reproj-s+12,false,31.3,1.59,8.89,52.88,37.22,62.08,1.58,6.77,15.07,14896
experiments/phase1_dift_temporal_t12_up2_s768.json,phase1_dift_temporal_t12_up2_s768,2026-03-13T00:24:02,dift,dift_t12_up2_ens8_sp_mnn_mp2000,12,2,768,2000,8,precise,st_peters_square,calibrated,3p_ours_shift_scale+12,true,42.12,1.58,6.55,63.47,70.9,52.81,0.63,2.17,17.47,14868
experiments/phase1_dift_temporal_t12_up2_s768.json,phase1_dift_temporal_t12_up2_s768,2026-03-13T00:24:02,dift,dift_t12_up2_ens8_sp_mnn_mp2000,12,2,768,2000,8,precise,st_peters_square,calibrated,3p_ours_shift_scale_hybrid_reproj+12,false,42.12,1.58,6.55,63.47,27.73,68.8,2.38,8.23,9.7,14868
experiments/phase1_dift_temporal_t12_up2_s768.json,phase1_dift_temporal_t12_up2_s768,2026-03-13T00:24:02,dift,dift_t12_up2_ens8_sp_mnn_mp2000,12,2,768,2000,8,precise,st_peters_square,calibrated,3p_ours_shift_scale_reproj+12,false,42.12,1.58,6.55,63.47,27.73,68.8,2.38,8.23,9.93,14868
experiments/phase1_dift_temporal_t12_up2_s768.json,phase1_dift_temporal_t12_up2_s768,2026-03-13T00:24:02,dift,dift_t12_up2_ens8_sp_mnn_mp2000,12,2,768,2000,8,precise,st_peters_square,shared_focal,4p_ours_scale_shift+12,true,37.9,1.93,6.85,63.58,53.93,52.15,1.23,4.04,29.74,14868
experiments/phase1_dift_temporal_t12_up2_s768.json,phase1_dift_temporal_t12_up2_s768,2026-03-13T00:24:02,dift,dift_t12_up2_ens8_sp_mnn_mp2000,12,2,768,2000,8,precise,st_peters_square,shared_focal,4p_ours_scale_shift_reproj+12,false,37.9,1.93,6.85,63.58,26.11,68.6,2.74,8.41,26.49,14868
experiments/phase1_dift_temporal_t12_up2_s768.json,phase1_dift_temporal_t12_up2_s768,2026-03-13T00:24:02,dift,dift_t12_up2_ens8_sp_mnn_mp2000,12,2,768,2000,8,precise,st_peters_square,shared_focal,4p_ours_scale_shift_reproj-s+12,false,37.9,1.93,6.85,63.58,33.67,70.0,2.15,7.77,30.14,14868
experiments/phase1_dift_temporal_t12_up2_s768.json,phase1_dift_temporal_t12_up2_s768,2026-03-13T00:24:02,dift,dift_t12_up2_ens8_sp_mnn_mp2000,12,2,768,2000,8,precise,st_peters_square,varying_focal,4p_ours_scale_shift+12,true,17.43,2.5,16.92,63.47,23.26,50.21,2.38,11.81,21.45,14868
experiments/phase1_dift_temporal_t12_up2_s768.json,phase1_dift_temporal_t12_up2_s768,2026-03-13T00:24:02,dift,dift_t12_up2_ens8_sp_mnn_mp2000,12,2,768,2000,8,precise,st_peters_square,varying_focal,4p_ours_scale_shift_reproj+12,false,17.43,2.5,16.92,63.47,16.52,69.74,2.4,16.72,16.36,14868
experiments/phase1_dift_temporal_t12_up2_s768.json,phase1_dift_temporal_t12_up2_s768,2026-03-13T00:24:02,dift,dift_t12_up2_ens8_sp_mnn_mp2000,12,2,768,2000,8,precise,st_peters_square,varying_focal,4p_ours_scale_shift_reproj-s+12,false,17.43,2.5,16.92,63.47,12.52,70.47,2.8,26.29,20.04,14868
experiments/phase1_dift_temporal_t16_up2_s768.json,phase1_dift_temporal_t16_up2_s768,2026-03-13T01:17:42,dift,dift_t16_up2_ens8_sp_mnn_mp2000,16,2,768,2000,8,precise,reichstag,calibrated,3p_ours_shift_scale+12,true,42.87,2.12,5.52,34.93,51.91,27.15,1.38,3.82,8.68,2577
experiments/phase1_dift_temporal_t16_up2_s768.json,phase1_dift_temporal_t16_up2_s768,2026-03-13T01:17:42,dift,dift_t16_up2_ens8_sp_mnn_mp2000,16,2,768,2000,8,precise,reichstag,calibrated,3p_ours_shift_scale_hybrid_reproj+12,false,42.87,2.12,5.52,34.93,38.35,38.82,2.39,6.19,5.46,2577
experiments/phase1_dift_temporal_t16_up2_s768.json,phase1_dift_temporal_t16_up2_s768,2026-03-13T01:17:42,dift,dift_t16_up2_ens8_sp_mnn_mp2000,16,2,768,2000,8,precise,reichstag,calibrated,3p_ours_shift_scale_reproj+12,false,42.87,2.12,5.52,34.93,38.35,38.81,2.39,6.19,5.66,2577
experiments/phase1_dift_temporal_t16_up2_s768.json,phase1_dift_temporal_t16_up2_s768,2026-03-13T01:17:42,dift,dift_t16_up2_ens8_sp_mnn_mp2000,16,2,768,2000,8,precise,reichstag,shared_focal,4p_ours_scale_shift+12,true,33.73,3.13,7.26,34.16,28.84,25.26,4.54,9.21,23.63,2577
experiments/phase1_dift_temporal_t16_up2_s768.json,phase1_dift_temporal_t16_up2_s768,2026-03-13T01:17:42,dift,dift_t16_up2_ens8_sp_mnn_mp2000,16,2,768,2000,8,precise,reichstag,shared_focal,4p_ours_scale_shift_reproj+12,false,33.73,3.13,7.26,34.16,31.27,36.88,3.28,7.81,22.32,2577
experiments/phase1_dift_temporal_t16_up2_s768.json,phase1_dift_temporal_t16_up2_s768,2026-03-13T01:17:42,dift,dift_t16_up2_ens8_sp_mnn_mp2000,16,2,768,2000,8,precise,reichstag,shared_focal,4p_ours_scale_shift_reproj-s+12,false,33.73,3.13,7.26,34.16,41.07,40.34,2.27,5.57,23.24,2577
experiments/phase1_dift_temporal_t16_up2_s768.json,phase1_dift_temporal_t16_up2_s768,2026-03-13T01:17:42,dift,dift_t16_up2_ens8_sp_mnn_mp2000,16,2,768,2000,8,precise,reichstag,varying_focal,4p_ours_scale_shift+12,true,18.74,3.8,16.39,32.83,13.14,22.34,6.28,20.55,12.32,2577
experiments/phase1_dift_temporal_t16_up2_s768.json,phase1_dift_temporal_t16_up2_s768,2026-03-13T01:17:42,dift,dift_t16_up2_ens8_sp_mnn_mp2000,16,2,768,2000,8,precise,reichstag,varying_focal,4p_ours_scale_shift_reproj+12,false,18.74,3.8,16.39,32.83,20.8,36.54,2.95,16.55,10.11,2577
experiments/phase1_dift_temporal_t16_up2_s768.json,phase1_dift_temporal_t16_up2_s768,2026-03-13T01:17:42,dift,dift_t16_up2_ens8_sp_mnn_mp2000,16,2,768,2000,8,precise,reichstag,varying_focal,4p_ours_scale_shift_reproj-s+12,false,18.74,3.8,16.39,32.83,22.28,39.62,2.82,13.12,11.73,2577
experiments/phase1_dift_temporal_t16_up2_s768.json,phase1_dift_temporal_t16_up2_s768,2026-03-13T01:17:42,dift,dift_t16_up2_ens8_sp_mnn_mp2000,16,2,768,2000,8,precise,sacre_coeur,calibrated,3p_ours_shift_scale+12,true,62.99,0.61,3.18,54.7,75.42,43.65,0.35,1.43,12.05,14896
experiments/phase1_dift_temporal_t16_up2_s768.json,phase1_dift_temporal_t16_up2_s768,2026-03-13T01:17:42,dift,dift_t16_up2_ens8_sp_mnn_mp2000,16,2,768,2000,8,precise,sacre_coeur,calibrated,3p_ours_shift_scale_hybrid_reproj+12,false,62.99,0.61,3.18,54.7,56.77,60.23,0.79,3.99,7.24,14896
experiments/phase1_dift_temporal_t16_up2_s768.json,phase1_dift_temporal_t16_up2_s768,2026-03-13T01:17:42,dift,dift_t16_up2_ens8_sp_mnn_mp2000,16,2,768,2000,8,precise,sacre_coeur,calibrated,3p_ours_shift_scale_reproj+12,false,62.99,0.61,3.18,54.7,56.77,60.23,0.79,3.99,7.39,14896
experiments/phase1_dift_temporal_t16_up2_s768.json,phase1_dift_temporal_t16_up2_s768,2026-03-13T01:17:42,dift,dift_t16_up2_ens8_sp_mnn_mp2000,16,2,768,2000,8,precise,sacre_coeur,shared_focal,4p_ours_scale_shift+12,true,49.08,1.13,4.71,53.99,53.39,40.95,0.93,3.88,26.57,14896
experiments/phase1_dift_temporal_t16_up2_s768.json,phase1_dift_temporal_t16_up2_s768,2026-03-13T01:17:42,dift,dift_t16_up2_ens8_sp_mnn_mp2000,16,2,768,2000,8,precise,sacre_coeur,shared_focal,4p_ours_scale_shift_reproj+12,false,49.08,1.13,4.71,53.99,49.38,59.67,1.11,4.74,24.96,14896
experiments/phase1_dift_temporal_t16_up2_s768.json,phase1_dift_temporal_t16_up2_s768,2026-03-13T01:17:42,dift,dift_t16_up2_ens8_sp_mnn_mp2000,16,2,768,2000,8,precise,sacre_coeur,shared_focal,4p_ours_scale_shift_reproj-s+12,false,49.08,1.13,4.71,53.99,44.48,61.34,1.31,5.42,26.56,14896
experiments/phase1_dift_temporal_t16_up2_s768.json,phase1_dift_temporal_t16_up2_s768,2026-03-13T01:17:42,dift,dift_t16_up2_ens8_sp_mnn_mp2000,16,2,768,2000,8,precise,sacre_coeur,varying_focal,4p_ours_scale_shift+12,true,31.32,1.59,8.88,52.74,23.59,36.2,2.69,14.14,15.36,14896
experiments/phase1_dift_temporal_t16_up2_s768.json,phase1_dift_temporal_t16_up2_s768,2026-03-13T01:17:42,dift,dift_t16_up2_ens8_sp_mnn_mp2000,16,2,768,2000,8,precise,sacre_coeur,varying_focal,4p_ours_scale_shift_reproj+12,false,31.32,1.59,8.88,52.74,33.17,60.08,1.08,8.3,13.18,14896
experiments/phase1_dift_temporal_t16_up2_s768.json,phase1_dift_temporal_t16_up2_s768,2026-03-13T01:17:42,dift,dift_t16_up2_ens8_sp_mnn_mp2000,16,2,768,2000,8,precise,sacre_coeur,varying_focal,4p_ours_scale_shift_reproj-s+12,false,31.32,1.59,8.88,52.74,37.19,61.96,1.59,6.78,14.99,14896
experiments/phase1_dift_temporal_t16_up2_s768.json,phase1_dift_temporal_t16_up2_s768,2026-03-13T01:17:42,dift,dift_t16_up2_ens8_sp_mnn_mp2000,16,2,768,2000,8,precise,st_peters_square,calibrated,3p_ours_shift_scale+12,true,41.9,1.57,6.58,63.25,70.69,52.64,0.64,2.19,15.41,14868
experiments/phase1_dift_temporal_t16_up2_s768.json,phase1_dift_temporal_t16_up2_s768,2026-03-13T01:17:42,dift,dift_t16_up2_ens8_sp_mnn_mp2000,16,2,768,2000,8,precise,st_peters_square,calibrated,3p_ours_shift_scale_hybrid_reproj+12,false,41.9,1.57,6.58,63.25,27.5,68.56,2.38,8.26,8.43,14868
experiments/phase1_dift_temporal_t16_up2_s768.json,phase1_dift_temporal_t16_up2_s768,2026-03-13T01:17:42,dift,dift_t16_up2_ens8_sp_mnn_mp2000,16,2,768,2000,8,precise,st_peters_square,calibrated,3p_ours_shift_scale_reproj+12,false,41.9,1.57,6.58,63.25,27.5,68.56,2.38,8.26,8.55,14868
experiments/phase1_dift_temporal_t16_up2_s768.json,phase1_dift_temporal_t16_up2_s768,2026-03-13T01:17:42,dift,dift_t16_up2_ens8_sp_mnn_mp2000,16,2,768,2000,8,precise,st_peters_square,shared_focal,4p_ours_scale_shift+12,true,37.87,1.93,6.86,63.36,53.77,51.93,1.24,3.98,29.78,14868
experiments/phase1_dift_temporal_t16_up2_s768.json,phase1_dift_temporal_t16_up2_s768,2026-03-13T01:17:42,dift,dift_t16_up2_ens8_sp_mnn_mp2000,16,2,768,2000,8,precise,st_peters_square,shared_focal,4p_ours_scale_shift_reproj+12,false,37.87,1.93,6.86,63.36,26.06,68.38,2.74,8.44,26.56,14868
experiments/phase1_dift_temporal_t16_up2_s768.json,phase1_dift_temporal_t16_up2_s768,2026-03-13T01:17:42,dift,dift_t16_up2_ens8_sp_mnn_mp2000,16,2,768,2000,8,precise,st_peters_square,shared_focal,4p_ours_scale_shift_reproj-s+12,false,37.87,1.93,6.86,63.36,33.76,69.76,2.12,7.73,30.22,14868
experiments/phase1_dift_temporal_t16_up2_s768.json,phase1_dift_temporal_t16_up2_s768,2026-03-13T01:17:42,dift,dift_t16_up2_ens8_sp_mnn_mp2000,16,2,768,2000,8,precise,st_peters_square,varying_focal,4p_ours_scale_shift+12,true,17.65,2.51,16.79,63.28,23.94,50.06,2.36,11.48,19.09,14868
experiments/phase1_dift_temporal_t16_up2_s768.json,phase1_dift_temporal_t16_up2_s768,2026-03-13T01:17:42,dift,dift_t16_up2_ens8_sp_mnn_mp2000,16,2,768,2000,8,precise,st_peters_square,varying_focal,4p_ours_scale_shift_reproj+12,false,17.65,2.51,16.79,63.28,16.58,69.56,2.42,16.74,14.63,14868
experiments/phase1_dift_temporal_t16_up2_s768.json,phase1_dift_temporal_t16_up2_s768,2026-03-13T01:17:42,dift,dift_t16_up2_ens8_sp_mnn_mp2000,16,2,768,2000,8,precise,st_peters_square,varying_focal,4p_ours_scale_shift_reproj-s+12,false,17.65,2.51,16.79,63.28,12.44,70.23,2.82,26.26,18.43,14868
experiments/phase1_dift_temporal_t20_up2_s768.json,phase1_dift_temporal_t20_up2_s768,2026-03-13T02:10:51,dift,dift_t20_up2_ens8_sp_mnn_mp2000,20,2,768,2000,8,precise,reichstag,calibrated,3p_ours_shift_scale+12,true,42.92,2.12,5.56,34.91,51.85,27.09,1.4,3.77,9.05,2577
experiments/phase1_dift_temporal_t20_up2_s768.json,phase1_dift_temporal_t20_up2_s768,2026-03-13T02:10:51,dift,dift_t20_up2_ens8_sp_mnn_mp2000,20,2,768,2000,8,precise,reichstag,calibrated,3p_ours_shift_scale_hybrid_reproj+12,false,42.92,2.12,5.56,34.91,38.46,38.82,2.43,6.29,5.75,2577
experiments/phase1_dift_temporal_t20_up2_s768.json,phase1_dift_temporal_t20_up2_s768,2026-03-13T02:10:51,dift,dift_t20_up2_ens8_sp_mnn_mp2000,20,2,768,2000,8,precise,reichstag,calibrated,3p_ours_shift_scale_reproj+12,false,42.92,2.12,5.56,34.91,38.46,38.82,2.43,6.29,5.82,2577
experiments/phase1_dift_temporal_t20_up2_s768.json,phase1_dift_temporal_t20_up2_s768,2026-03-13T02:10:51,dift,dift_t20_up2_ens8_sp_mnn_mp2000,20,2,768,2000,8,precise,reichstag,shared_focal,4p_ours_scale_shift+12,true,33.81,3.06,7.21,34.13,28.65,25.26,4.28,9.13,23.29,2577
experiments/phase1_dift_temporal_t20_up2_s768.json,phase1_dift_temporal_t20_up2_s768,2026-03-13T02:10:51,dift,dift_t20_up2_ens8_sp_mnn_mp2000,20,2,768,2000,8,precise,reichstag,shared_focal,4p_ours_scale_shift_reproj+12,false,33.81,3.06,7.21,34.13,31.53,36.87,3.19,7.62,21.97,2577
experiments/phase1_dift_temporal_t20_up2_s768.json,phase1_dift_temporal_t20_up2_s768,2026-03-13T02:10:51,dift,dift_t20_up2_ens8_sp_mnn_mp2000,20,2,768,2000,8,precise,reichstag,shared_focal,4p_ours_scale_shift_reproj-s+12,false,33.81,3.06,7.21,34.13,41.25,40.25,2.23,5.56,23.0,2577
experiments/phase1_dift_temporal_t20_up2_s768.json,phase1_dift_temporal_t20_up2_s768,2026-03-13T02:10:51,dift,dift_t20_up2_ens8_sp_mnn_mp2000,20,2,768,2000,8,precise,reichstag,varying_focal,4p_ours_scale_shift+12,true,18.74,3.83,16.47,32.77,13.45,22.24,6.22,21.69,12.32,2577
experiments/phase1_dift_temporal_t20_up2_s768.json,phase1_dift_temporal_t20_up2_s768,2026-03-13T02:10:51,dift,dift_t20_up2_ens8_sp_mnn_mp2000,20,2,768,2000,8,precise,reichstag,varying_focal,4p_ours_scale_shift_reproj+12,false,18.74,3.83,16.47,32.77,20.61,36.57,2.94,16.43,10.22,2577
experiments/phase1_dift_temporal_t20_up2_s768.json,phase1_dift_temporal_t20_up2_s768,2026-03-13T02:10:51,dift,dift_t20_up2_ens8_sp_mnn_mp2000,20,2,768,2000,8,precise,reichstag,varying_focal,4p_ours_scale_shift_reproj-s+12,false,18.74,3.83,16.47,32.77,22.17,39.48,2.89,13.35,11.75,2577
experiments/phase1_dift_temporal_t20_up2_s768.json,phase1_dift_temporal_t20_up2_s768,2026-03-13T02:10:51,dift,dift_t20_up2_ens8_sp_mnn_mp2000,20,2,768,2000,8,precise,sacre_coeur,calibrated,3p_ours_shift_scale+12,true,62.86,0.61,3.19,54.58,75.18,43.5,0.35,1.45,12.38,14896
experiments/phase1_dift_temporal_t20_up2_s768.json,phase1_dift_temporal_t20_up2_s768,2026-03-13T02:10:51,dift,dift_t20_up2_ens8_sp_mnn_mp2000,20,2,768,2000,8,precise,sacre_coeur,calibrated,3p_ours_shift_scale_hybrid_reproj+12,false,62.86,0.61,3.19,54.58,56.71,60.12,0.79,3.96,7.48,14896
experiments/phase1_dift_temporal_t20_up2_s768.json,phase1_dift_temporal_t20_up2_s768,2026-03-13T02:10:51,dift,dift_t20_up2_ens8_sp_mnn_mp2000,20,2,768,2000,8,precise,sacre_coeur,calibrated,3p_ours_shift_scale_reproj+12,false,62.86,0.61,3.19,54.58,56.71,60.12,0.79,3.96,7.62,14896
experiments/phase1_dift_temporal_t20_up2_s768.json,phase1_dift_temporal_t20_up2_s768,2026-03-13T02:10:51,dift,dift_t20_up2_ens8_sp_mnn_mp2000,20,2,768,2000,8,precise,sacre_coeur,shared_focal,4p_ours_scale_shift+12,true,48.98,1.13,4.72,53.87,53.15,40.93,0.93,3.89,27.1,14896
experiments/phase1_dift_temporal_t20_up2_s768.json,phase1_dift_temporal_t20_up2_s768,2026-03-13T02:10:51,dift,dift_t20_up2_ens8_sp_mnn_mp2000,20,2,768,2000,8,precise,sacre_coeur,shared_focal,4p_ours_scale_shift_reproj+12,false,48.98,1.13,4.72,53.87,49.38,59.5,1.12,4.75,25.33,14896
experiments/phase1_dift_temporal_t20_up2_s768.json,phase1_dift_temporal_t20_up2_s768,2026-03-13T02:10:51,dift,dift_t20_up2_ens8_sp_mnn_mp2000,20,2,768,2000,8,precise,sacre_coeur,shared_focal,4p_ours_scale_shift_reproj-s+12,false,48.98,1.13,4.72,53.87,44.4,61.19,1.31,5.44,26.91,14896
experiments/phase1_dift_temporal_t20_up2_s768.json,phase1_dift_temporal_t20_up2_s768,2026-03-13T02:10:51,dift,dift_t20_up2_ens8_sp_mnn_mp2000,20,2,768,2000,8,precise,sacre_coeur,varying_focal,4p_ours_scale_shift+12,true,31.08,1.59,8.98,52.62,23.43,36.13,2.77,14.26,15.73,14896
experiments/phase1_dift_temporal_t20_up2_s768.json,phase1_dift_temporal_t20_up2_s768,2026-03-13T02:10:51,dift,dift_t20_up2_ens8_sp_mnn_mp2000,20,2,768,2000,8,precise,sacre_coeur,varying_focal,4p_ours_scale_shift_reproj+12,false,31.08,1.59,8.98,52.62,32.9,59.93,1.09,8.36,12.96,14896
experiments/phase1_dift_temporal_t20_up2_s768.json,phase1_dift_temporal_t20_up2_s768,2026-03-13T02:10:51,dift,dift_t20_up2_ens8_sp_mnn_mp2000,20,2,768,2000,8,precise,sacre_coeur,varying_focal,4p_ours_scale_shift_reproj-s+12,false,31.08,1.59,8.98,52.62,36.92,61.8,1.58,6.84,14.91,14896
experiments/phase1_dift_temporal_t20_up2_s768.json,phase1_dift_temporal_t20_up2_s768,2026-03-13T02:10:51,dift,dift_t20_up2_ens8_sp_mnn_mp2000,20,2,768,2000,8,precise,st_peters_square,calibrated,3p_ours_shift_scale+12,true,41.81,1.59,6.6,63.1,70.46,52.5,0.64,2.23,14.19,14868
experiments/phase1_dift_temporal_t20_up2_s768.json,phase1_dift_temporal_t20_up2_s768,2026-03-13T02:10:51,dift,dift_t20_up2_ens8_sp_mnn_mp2000,20,2,768,2000,8,precise,st_peters_square,calibrated,3p_ours_shift_scale_hybrid_reproj+12,false,41.81,1.59,6.6,63.1,27.49,68.4,2.38,8.26,7.64,14868
experiments/phase1_dift_temporal_t20_up2_s768.json,phase1_dift_temporal_t20_up2_s768,2026-03-13T02:10:51,dift,dift_t20_up2_ens8_sp_mnn_mp2000,20,2,768,2000,8,precise,st_peters_square,calibrated,3p_ours_shift_scale_reproj+12,false,41.81,1.59,6.6,63.1,27.49,68.4,2.38,8.26,7.69,14868
experiments/phase1_dift_temporal_t20_up2_s768.json,phase1_dift_temporal_t20_up2_s768,2026-03-13T02:10:51,dift,dift_t20_up2_ens8_sp_mnn_mp2000,20,2,768,2000,8,precise,st_peters_square,shared_focal,4p_ours_scale_shift+12,true,37.74,1.95,6.86,63.19,53.57,51.8,1.24,4.02,29.65,14868
experiments/phase1_dift_temporal_t20_up2_s768.json,phase1_dift_temporal_t20_up2_s768,2026-03-13T02:10:51,dift,dift_t20_up2_ens8_sp_mnn_mp2000,20,2,768,2000,8,precise,st_peters_square,shared_focal,4p_ours_scale_shift_reproj+12,false,37.74,1.95,6.86,63.19,25.94,68.17,2.74,8.43,26.36,14868
experiments/phase1_dift_temporal_t20_up2_s768.json,phase1_dift_temporal_t20_up2_s768,2026-03-13T02:10:51,dift,dift_t20_up2_ens8_sp_mnn_mp2000,20,2,768,2000,8,precise,st_peters_square,shared_focal,4p_ours_scale_shift_reproj-s+12,false,37.74,1.95,6.86,63.19,33.72,69.59,2.13,7.75,29.96,14868
experiments/phase1_dift_temporal_t20_up2_s768.json,phase1_dift_temporal_t20_up2_s768,2026-03-13T02:10:51,dift,dift_t20_up2_ens8_sp_mnn_mp2000,20,2,768,2000,8,precise,st_peters_square,varying_focal,4p_ours_scale_shift+12,true,17.43,2.53,16.84,63.13,23.42,49.92,2.41,11.61,18.96,14868
experiments/phase1_dift_temporal_t20_up2_s768.json,phase1_dift_temporal_t20_up2_s768,2026-03-13T02:10:51,dift,dift_t20_up2_ens8_sp_mnn_mp2000,20,2,768,2000,8,precise,st_peters_square,varying_focal,4p_ours_scale_shift_reproj+12,false,17.43,2.53,16.84,63.13,16.68,69.42,2.41,16.54,14.27,14868
experiments/phase1_dift_temporal_t20_up2_s768.json,phase1_dift_temporal_t20_up2_s768,2026-03-13T02:10:51,dift,dift_t20_up2_ens8_sp_mnn_mp2000,20,2,768,2000,8,precise,st_peters_square,varying_focal,4p_ours_scale_shift_reproj-s+12,false,17.43,2.53,16.84,63.13,12.21,70.06,2.85,26.01,18.15,14868
experiments/phase1_dift_temporal_t30_up2_s768.json,phase1_dift_temporal_t30_up2_s768,2026-03-13T03:03:28,dift,dift_t30_up2_ens8_sp_mnn_mp2000,30,2,768,2000,8,precise,reichstag,calibrated,3p_ours_shift_scale+12,true,42.97,2.13,5.53,34.82,51.61,26.95,1.45,3.77,6.57,2577
experiments/phase1_dift_temporal_t30_up2_s768.json,phase1_dift_temporal_t30_up2_s768,2026-03-13T03:03:28,dift,dift_t30_up2_ens8_sp_mnn_mp2000,30,2,768,2000,8,precise,reichstag,calibrated,3p_ours_shift_scale_hybrid_reproj+12,false,42.97,2.13,5.53,34.82,38.65,38.75,2.41,6.19,4.13,2577
experiments/phase1_dift_temporal_t30_up2_s768.json,phase1_dift_temporal_t30_up2_s768,2026-03-13T03:03:28,dift,dift_t30_up2_ens8_sp_mnn_mp2000,30,2,768,2000,8,precise,reichstag,calibrated,3p_ours_shift_scale_reproj+12,false,42.97,2.13,5.53,34.82,38.65,38.75,2.41,6.19,4.15,2577
experiments/phase1_dift_temporal_t30_up2_s768.json,phase1_dift_temporal_t30_up2_s768,2026-03-13T03:03:28,dift,dift_t30_up2_ens8_sp_mnn_mp2000,30,2,768,2000,8,precise,reichstag,shared_focal,4p_ours_scale_shift+12,true,33.73,3.1,7.18,34.05,29.23,25.11,4.37,9.12,23.27,2577
experiments/phase1_dift_temporal_t30_up2_s768.json,phase1_dift_temporal_t30_up2_s768,2026-03-13T03:03:28,dift,dift_t30_up2_ens8_sp_mnn_mp2000,30,2,768,2000,8,precise,reichstag,shared_focal,4p_ours_scale_shift_reproj+12,false,33.73,3.1,7.18,34.05,30.95,36.85,3.26,7.71,21.89,2577
experiments/phase1_dift_temporal_t30_up2_s768.json,phase1_dift_temporal_t30_up2_s768,2026-03-13T03:03:28,dift,dift_t30_up2_ens8_sp_mnn_mp2000,30,2,768,2000,8,precise,reichstag,shared_focal,4p_ours_scale_shift_reproj-s+12,false,33.73,3.1,7.18,34.05,40.99,40.2,2.27,5.57,22.97,2577
experiments/phase1_dift_temporal_t30_up2_s768.json,phase1_dift_temporal_t30_up2_s768,2026-03-13T03:03:28,dift,dift_t30_up2_ens8_sp_mnn_mp2000,30,2,768,2000,8,precise,reichstag,varying_focal,4p_ours_scale_shift+12,true,18.67,3.96,16.89,32.57,13.21,22.06,6.35,21.1,12.53,2577
experiments/phase1_dift_temporal_t30_up2_s768.json,phase1_dift_temporal_t30_up2_s768,2026-03-13T03:03:28,dift,dift_t30_up2_ens8_sp_mnn_mp2000,30,2,768,2000,8,precise,reichstag,varying_focal,4p_ours_scale_shift_reproj+12,false,18.67,3.96,16.89,32.57,20.49,36.25,3.07,17.43,10.52,2577
experiments/phase1_dift_temporal_t30_up2_s768.json,phase1_dift_temporal_t30_up2_s768,2026-03-13T03:03:28,dift,dift_t30_up2_ens8_sp_mnn_mp2000,30,2,768,2000,8,precise,reichstag,varying_focal,4p_ours_scale_shift_reproj-s+12,false,18.67,3.96,16.89,32.57,22.3,39.39,2.89,13.59,12.0,2577
experiments/phase1_dift_temporal_t30_up2_s768.json,phase1_dift_temporal_t30_up2_s768,2026-03-13T03:03:28,dift,dift_t30_up2_ens8_sp_mnn_mp2000,30,2,768,2000,8,precise,sacre_coeur,calibrated,3p_ours_shift_scale+12,true,62.94,0.61,3.19,54.34,75.45,43.28,0.35,1.42,14.75,14896
experiments/phase1_dift_temporal_t30_up2_s768.json,phase1_dift_temporal_t30_up2_s768,2026-03-13T03:03:28,dift,dift_t30_up2_ens8_sp_mnn_mp2000,30,2,768,2000,8,precise,sacre_coeur,calibrated,3p_ours_shift_scale_hybrid_reproj+12,false,62.94,0.61,3.19,54.34,56.69,59.87,0.79,3.99,9.16,14896
experiments/phase1_dift_temporal_t30_up2_s768.json,phase1_dift_temporal_t30_up2_s768,2026-03-13T03:03:28,dift,dift_t30_up2_ens8_sp_mnn_mp2000,30,2,768,2000,8,precise,sacre_coeur,calibrated,3p_ours_shift_scale_reproj+12,false,62.94,0.61,3.19,54.34,56.69,59.87,0.79,3.99,9.33,14896
experiments/phase1_dift_temporal_t30_up2_s768.json,phase1_dift_temporal_t30_up2_s768,2026-03-13T03:03:28,dift,dift_t30_up2_ens8_sp_mnn_mp2000,30,2,768,2000,8,precise,sacre_coeur,shared_focal,4p_ours_scale_shift+12,true,48.9,1.13,4.73,53.61,53.11,40.61,0.93,3.9,28.23,14896
experiments/phase1_dift_temporal_t30_up2_s768.json,phase1_dift_temporal_t30_up2_s768,2026-03-13T03:03:28,dift,dift_t30_up2_ens8_sp_mnn_mp2000,30,2,768,2000,8,precise,sacre_coeur,shared_focal,4p_ours_scale_shift_reproj+12,false,48.9,1.13,4.73,53.61,49.24,59.28,1.11,4.79,26.56,14896
experiments/phase1_dift_temporal_t30_up2_s768.json,phase1_dift_temporal_t30_up2_s768,2026-03-13T03:03:28,dift,dift_t30_up2_ens8_sp_mnn_mp2000,30,2,768,2000,8,precise,sacre_coeur,shared_focal,4p_ours_scale_shift_reproj-s+12,false,48.9,1.13,4.73,53.61,44.36,60.95,1.31,5.44,28.01,14896
experiments/phase1_dift_temporal_t30_up2_s768.json,phase1_dift_temporal_t30_up2_s768,2026-03-13T03:03:28,dift,dift_t30_up2_ens8_sp_mnn_mp2000,30,2,768,2000,8,precise,sacre_coeur,varying_focal,4p_ours_scale_shift+12,true,30.7,1.61,9.12,52.32,22.44,35.69,2.78,14.71,17.46,14896
experiments/phase1_dift_temporal_t30_up2_s768.json,phase1_dift_temporal_t30_up2_s768,2026-03-13T03:03:28,dift,dift_t30_up2_ens8_sp_mnn_mp2000,30,2,768,2000,8,precise,sacre_coeur,varying_focal,4p_ours_scale_shift_reproj+12,false,30.7,1.61,9.12,52.32,32.79,59.73,1.08,8.47,14.84,14896
experiments/phase1_dift_temporal_t30_up2_s768.json,phase1_dift_temporal_t30_up2_s768,2026-03-13T03:03:28,dift,dift_t30_up2_ens8_sp_mnn_mp2000,30,2,768,2000,8,precise,sacre_coeur,varying_focal,4p_ours_scale_shift_reproj-s+12,false,30.7,1.61,9.12,52.32,36.86,61.55,1.59,6.82,16.53,14896
experiments/phase1_dift_temporal_t30_up2_s768.json,phase1_dift_temporal_t30_up2_s768,2026-03-13T03:03:28,dift,dift_t30_up2_ens8_sp_mnn_mp2000,30,2,768,2000,8,precise,st_peters_square,calibrated,3p_ours_shift_scale+12,true,41.8,1.58,6.63,62.71,70.55,52.16,0.64,2.21,14.12,14868
experiments/phase1_dift_temporal_t30_up2_s768.json,phase1_dift_temporal_t30_up2_s768,2026-03-13T03:03:28,dift,dift_t30_up2_ens8_sp_mnn_mp2000,30,2,768,2000,8,precise,st_peters_square,calibrated,3p_ours_shift_scale_hybrid_reproj+12,false,41.8,1.58,6.63,62.71,27.43,67.99,2.4,8.27,7.6,14868
experiments/phase1_dift_temporal_t30_up2_s768.json,phase1_dift_temporal_t30_up2_s768,2026-03-13T03:03:28,dift,dift_t30_up2_ens8_sp_mnn_mp2000,30,2,768,2000,8,precise,st_peters_square,calibrated,3p_ours_shift_scale_reproj+12,false,41.8,1.58,6.63,62.71,27.43,67.99,2.4,8.27,7.65,14868
experiments/phase1_dift_temporal_t30_up2_s768.json,phase1_dift_temporal_t30_up2_s768,2026-03-13T03:03:28,dift,dift_t30_up2_ens8_sp_mnn_mp2000,30,2,768,2000,8,precise,st_peters_square,shared_focal,4p_ours_scale_shift+12,true,37.57,1.94,6.92,62.81,53.27,51.48,1.25,4.03,29.52,14868
experiments/phase1_dift_temporal_t30_up2_s768.json,phase1_dift_temporal_t30_up2_s768,2026-03-13T03:03:28,dift,dift_t30_up2_ens8_sp_mnn_mp2000,30,2,768,2000,8,precise,st_peters_square,shared_focal,4p_ours_scale_shift_reproj+12,false,37.57,1.94,6.92,62.81,25.82,67.77,2.75,8.47,26.3,14868
experiments/phase1_dift_temporal_t30_up2_s768.json,phase1_dift_temporal_t30_up2_s768,2026-03-13T03:03:28,dift,dift_t30_up2_ens8_sp_mnn_mp2000,30,2,768,2000,8,precise,st_peters_square,shared_focal,4p_ours_scale_shift_reproj-s+12,false,37.57,1.94,6.92,62.81,33.61,69.19,2.13,7.82,30.0,14868
experiments/phase1_dift_temporal_t30_up2_s768.json,phase1_dift_temporal_t30_up2_s768,2026-03-13T03:03:28,dift,dift_t30_up2_ens8_sp_mnn_mp2000,30,2,768,2000,8,precise,st_peters_square,varying_focal,4p_ours_scale_shift+12,true,17.31,2.53,17.01,62.74,23.23,49.6,2.43,11.75,18.94,14868
experiments/phase1_dift_temporal_t30_up2_s768.json,phase1_dift_temporal_t30_up2_s768,2026-03-13T03:03:28,dift,dift_t30_up2_ens8_sp_mnn_mp2000,30,2,768,2000,8,precise,st_peters_square,varying_focal,4p_ours_scale_shift_reproj+12,false,17.31,2.53,17.01,62.74,16.48,68.97,2.43,16.8,14.13,14868
experiments/phase1_dift_temporal_t30_up2_s768.json,phase1_dift_temporal_t30_up2_s768,2026-03-13T03:03:28,dift,dift_t30_up2_ens8_sp_mnn_mp2000,30,2,768,2000,8,precise,st_peters_square,varying_focal,4p_ours_scale_shift_reproj-s+12,false,17.31,2.53,17.01,62.74,12.23,69.66,2.83,26.57,18.01,14868
